nombre,cedula,fechaIngreso
Ced Oloman,62288343,2020-06-17
Laurent Perryman,40102044,2020-10-17
Raleigh Aldiss,74846776,2020-05-04
Paloma Duprey,43202570,2020-06-05
Talia Goodbarne,8851374,2020-05-14
Rollie Spohrmann,62516139,2020-07-26
Normand Tomasian,38968779,2020-08-02
Addy Macari,75826049,2020-09-01
Pearl Stribling,74491395,2020-11-07
Roxi Grishkov,99279901,2020-07-18
Cletus Bennough,59284907,2020-10-15
Olivero Swindle,2271524,2020-09-07
Jim Heart,15704892,2020-03-13
Sallee Hudless,13304604,2020-10-31
Katharyn Stonhard,18018126,2020-04-26
Dionysus Stonner,16129585,2020-09-09
Marietta Luciano,82687131,2020-07-31
Kimberlee Manchett,24278259,2020-07-27
Shelli Hamlet,89073698,2020-10-26
Peter Lowrey,35917497,2020-10-16
Sibylla Tregear,63869280,2020-04-26
Erroll Duckerin,273085,2020-06-29
Fields Relf,13019862,2020-08-24
Sunny Seabright,69733054,2020-07-22
Kiri Chetter,40018021,2020-07-26
Mallory Milberry,98884533,2020-06-19
Bearnard Grigorey,59690911,2020-04-03
Shelbi Klossek,77295999,2020-09-25
Tatiana Stowe,24831340,2020-06-10
Bondon Carlow,19807438,2020-05-05
Dalis Roz,1468437,2020-04-18
Myron Ruppeli,16776693,2020-06-14
Leonhard McJerrow,66484259,2020-05-05
Levy Capponeer,87903302,2020-09-13
Carri Somers,24487102,2020-04-02
Ara Dabbs,71985573,2020-03-24
Gottfried Garthland,75795220,2020-07-24
Annabell Tetsall,45425889,2020-10-25
Obadias Vickors,48079429,2020-04-08
Annemarie Killeen,13647798,2020-11-02
Sallyann Courtney,12325604,2020-06-11
Addia Tattershall,67421858,2020-07-05
Nikola Petrelli,92487730,2020-04-21
Vilhelmina Caldow,4175447,2020-08-25
Abraham Benfield,5454348,2020-06-08
Ellyn Coggill,10298247,2020-11-06
Ivory Hamlington,1885537,2020-03-31
Helen-elizabeth Bauman,39381466,2020-05-18
Clement Earthfield,65610541,2020-07-05
Loreen Blasio,73790137,2020-09-24
Rebeka Chelnam,612658,2020-06-07
Gisella Curtis,82122667,2020-08-03
Lorianne Ollier,92609579,2020-08-06
Joyce Cabane,88793902,2020-07-21
Ezmeralda Kimber,73819353,2020-09-15
Starr Colecrough,31338666,2020-03-16
Isaiah Kenningley,63928804,2020-09-01
Daisey Lisciandro,81446447,2020-07-20
Foss Dadge,52232781,2020-07-12
Alric Kedge,34981576,2020-05-26
Trip Keep,32543109,2020-05-13
Bill Jouannot,66912602,2020-11-16
Quincey Jopke,30454306,2020-03-27
Freda Wankel,84251157,2020-07-20
Curtice Seydlitz,96906323,2020-06-29
Clerissa Dysert,28419886,2020-08-29
Hannis Chomiszewski,8171226,2020-07-25
Fernanda Mazzeo,6287041,2020-06-24
Luke Alpin,1301941,2020-03-21
Carolann Le Frank,17505371,2020-06-16
Garrard Jaggers,48184779,2020-04-23
Lewie Boarleyson,87509561,2020-06-13
Ennis Betteriss,46646742,2020-10-23
Elinor Rollins,51974588,2020-11-13
Hansiain Braiden,61282641,2020-08-04
Stefan Mylechreest,37536800,2020-07-13
Goldy Dawidowsky,99297932,2020-05-13
Reece Jirek,42998886,2020-07-12
Sofie Gosenell,59417459,2020-07-21
Clementine Repp,95217552,2020-09-14
Darcy Bortoli,87385858,2020-03-27
Mano Jewster,3848317,2020-10-28
Willi Hanscome,874241,2020-11-15
Sheba Filipowicz,56491627,2020-06-17
Odetta Foye,63360202,2020-03-16
Kinsley Gallichiccio,25782855,2020-05-27
Mirna Gianiello,1790500,2020-05-15
Park Teresa,23810135,2020-10-01
Juliette Wiffen,88053851,2020-07-26
Karel Bownde,35215727,2020-04-14
Vyky Cane,73579065,2020-10-05
Lauritz Flintoft,28593715,2020-07-15
Graig Dunsmore,78082727,2020-10-06
Roi Brechin,37780979,2020-03-23
Calv Heynen,47508550,2020-03-20
Ali Manson,53903904,2020-10-14
Clarisse Drogan,93907647,2020-08-24
Packston Mellhuish,311544,2020-09-03
Erinna Gravestone,89152815,2020-06-25
Kathie Lawey,40739882,2020-06-26
Syd Domotor,98515737,2020-04-06
Cirilo Hampton,54489996,2020-05-14
Mikael Camellini,30687733,2020-04-25
Brendon Doogan,27594458,2020-11-16
Muriel Consadine,38994716,2020-09-04
Engracia Guerry,80625271,2020-06-20
Ashla Venney,95011321,2020-05-05
Jeremie Cauley,21798159,2020-06-12
Guenna Yeldon,73958833,2020-09-27
Rupert Saggs,32501595,2020-11-02
Yetty Feavearyear,83255232,2020-09-10
Jamill Lumsden,89268838,2020-04-26
Aymer Blore,45409657,2020-05-04
Jacklyn Mancer,8284920,2020-04-24
Jade Newling,28311411,2020-10-11
Selinda Lounds,24115347,2020-07-30
Shelia McIlmurray,2395084,2020-03-26
Sharron Chalmers,55146355,2020-08-21
Malissa Whye,10671386,2020-07-23
Pasquale Kull,86015582,2020-11-13
Gwen Crady,27699740,2020-05-24
Darby Chattington,52749635,2020-10-28
Harley Chart,73343575,2020-04-18
Wilfrid Whitticks,46238479,2020-07-01
Salmon Stinchcombe,6595340,2020-06-08
Annadiane Dairton,78807259,2020-04-26
Glenn Lowseley,97604663,2020-11-05
Luisa Robbs,90037569,2020-03-16
Rorke Liptrot,84526571,2020-10-24
Robinet Jagiello,49755969,2020-06-08
Cristal Fitzackerley,70492282,2020-05-12
Josie Rampton,84099754,2020-10-20
Magdalena Ruddin,81328293,2020-05-30
Garfield Quiney,97957121,2020-06-25
Shayne Shower,55810825,2020-06-01
Clarence Duchart,38861430,2020-04-13
Deanna Juliff,84523351,2020-09-19
Merilyn Million,66662914,2020-05-07
Fianna Jarmyn,53849725,2020-06-20
Issiah McTrusty,9788493,2020-09-16
Torey Tysall,31728719,2020-09-02
Elvis Ogborne,62770995,2020-11-12
Muffin Madison,19369145,2020-08-03
Anica Jervis,32692617,2020-09-09
Natalina Yakobovicz,44476323,2020-03-27
Kennie Moreno,4905236,2020-08-19
Marsh Rossiter,58371274,2020-09-28
Roi Eddow,70276707,2020-06-26
Rachel Haldin,97616349,2020-10-24
Millicent Massei,53070975,2020-04-14
Wallis Bleckly,14226062,2020-05-24
Leland Mc Harg,85221055,2020-03-29
Ted Lorain,3648411,2020-08-08
Nelson Lardier,12767150,2020-05-20
Jobey Togher,97395542,2020-09-14
Codee Edelston,24955749,2020-04-05
Hedi Yele,74612441,2020-10-05
Sherry Kilmurry,97827749,2020-07-21
Hugh Bernardo,58235028,2020-10-07
Dian Kinvan,12841974,2020-11-11
Kirsten Blowen,88596083,2020-09-14
Melamie Aimable,55194104,2020-10-01
Dorotea Cuddon,63974426,2020-09-26
Franky Boyet,14419666,2020-08-18
Fania Lethibridge,43730853,2020-05-01
Martin Schoales,85565863,2020-09-13
Meriel Sabban,29563316,2020-10-08
Dusty Monnelly,11356794,2020-08-02
Rafferty Oxtarby,40338658,2020-07-25
Kristos Phillis,56344927,2020-09-01
Barrie Lowde,29683591,2020-03-16
Bern Karolowski,93170044,2020-06-10
Ardath Kamall,73026867,2020-05-18
Freeman Relph,58617543,2020-07-16
Arlina Decker,90905718,2020-07-05
Jordanna Menendes,95303130,2020-05-05
Sara-ann Toulson,12628224,2020-08-20
Glory Yardy,35184138,2020-08-19
Brendis Lorkin,22319687,2020-11-09
Katusha Igglesden,71886281,2020-03-26
Isiahi Dumsday,56251560,2020-04-05
Eb Harrhy,56698947,2020-07-06
Kalinda Killik,49705027,2020-07-08
Leroy Risbridger,9758371,2020-07-02
Rubia Stean,47054920,2020-06-12
Jana Allix,88143860,2020-05-29
Hulda Haugg,61635842,2020-03-25
Kienan Hurler,41393270,2020-04-14
Biron Duckels,84326118,2020-09-17
Torrence Moulster,77001158,2020-09-15
Darrelle Braden,55694208,2020-04-04
Terrye Daudray,19372628,2020-10-19
Garth O'Mahoney,26117417,2020-03-13
Clementius Dot,49051567,2020-07-05
Wren Tapin,98518178,2020-07-18
Brien Toller,49137083,2020-05-03
Benjy Harme,69155527,2020-08-16
Barbe Teager,23414680,2020-09-03
Parnell Lyddyard,82022757,2020-07-06
Valida Schankelborg,54914689,2020-08-22
Kathe Scoles,79500139,2020-06-01
Stephani Domm,9788422,2020-09-14
Lonni Jiroutek,40189040,2020-10-25
Adolpho Hannaford,63305366,2020-05-08
Murray Santo,19107397,2020-06-13
Janeen Billanie,81793201,2020-05-26
Cassey Roubeix,13387514,2020-09-05
Bernelle Harbour,73028399,2020-10-07
Sayers Grewcock,74035240,2020-11-01
Alister Mahaffey,68207008,2020-06-08
Prentiss Hyrons,61029256,2020-07-08
Der Megroff,35756658,2020-09-29
Krystal Lawson,26485155,2020-09-29
Jermaine Kuhndel,71692375,2020-09-20
Maegan Peteri,4347455,2020-11-11
Eirena Wrefford,1485747,2020-10-05
Egor Froom,44873624,2020-06-13
Neall Roxbrough,87571174,2020-07-23
Skell Cornwall,33473621,2020-08-22
Cassi Stock,93321195,2020-07-14
Jaymee Rolph,78535905,2020-05-05
Minerva Storre,36914965,2020-05-20
Lark Bleckly,67857504,2020-08-05
Lammond Benion,54212569,2020-05-06
Milo Fante,97725991,2020-07-04
Falito Summersett,31494852,2020-06-15
Hillier Meysham,606417,2020-10-14
Ivor Wheelband,54138092,2020-04-20
Foss Stoffersen,97391193,2020-09-01
Eugene Marle,79655742,2020-10-11
Westley Yearne,85997708,2020-09-13
Mathias Keddey,93370137,2020-04-18
Irving Rutledge,45148341,2020-05-23
Darrel Aingel,44230602,2020-04-23
Esdras Longea,55395647,2020-04-07
Valida Brokenshaw,50154738,2020-06-01
Domini MacAskill,3397492,2020-03-27
Netti Jemison,14420006,2020-09-20
Elsinore Champneys,8773737,2020-10-23
Muriel Billingsley,3032584,2020-08-31
Zacharias Dibble,85947883,2020-03-30
Cary Mullett,16617665,2020-08-30
Anthiathia Sloegrave,49868209,2020-08-12
Deeanne Greggor,76331422,2020-08-16
Lonni Chidgey,29034190,2020-05-14
Bret Trewhella,62642552,2020-09-17
Carlina Eckhard,51135810,2020-09-28
Augustus Romagosa,23674476,2020-05-22
Lon Maynard,66212457,2020-08-12
Justinian Pruvost,19680024,2020-11-03
Quinton Primarolo,51662982,2020-10-16
Rae Ledward,5198356,2020-04-26
Arron Doughill,9556426,2020-09-23
Nixie Cruise,63670144,2020-08-08
Mitchell Pridham,33315096,2020-06-11
Janeen Offield,65953841,2020-04-10
Keene Crow,29692094,2020-06-18
Katie Giacoppo,87146851,2020-10-27
Wells Beirne,48666584,2020-05-16
Rollin Doddridge,34323522,2020-05-25
Bridget Cominello,15797356,2020-07-04
Wit Hawksley,36278299,2020-03-28
Matthieu Snoxell,31833660,2020-08-24
Town Maben,52201066,2020-06-14
Letizia Brasner,19774944,2020-04-20
Clarette De Simone,88495695,2020-07-22
Gerty Conor,99381761,2020-07-05
Vally Spurett,82370503,2020-03-30
Alidia Pettegre,27186014,2020-04-09
Iggie Beeckx,37465901,2020-11-06
Randell Southeran,11887359,2020-03-18
Hilly Rheaume,30866069,2020-07-05
Wynne Towhey,14455669,2020-05-15
Hendrick Wadforth,71604285,2020-03-22
Xerxes Grubb,45715984,2020-10-02
Davis Wevell,88139316,2020-04-27
Essie Crooke,94131365,2020-10-22
Derick Wintringham,18878630,2020-11-10
Neale Cornell,79434377,2020-06-30
Hanna Bogaert,46547129,2020-08-31
Bette Scullard,4538582,2020-07-01
Hilary Compson,77700492,2020-04-25
Cordy Parke,19099182,2020-08-17
Athene Yexley,5344396,2020-08-04
Hyacinthia Rachuig,63179890,2020-05-16
Augustin Mongin,31008048,2020-06-30
Drake Dowty,75465539,2020-04-03
Galen Christofor,93818540,2020-04-14
Dyanne Pechan,39040875,2020-10-07
Katy Culkin,30877422,2020-07-20
Filia Ohms,9860033,2020-09-21
Ulysses Graddon,83093588,2020-08-17
Lorry Dennerly,61901782,2020-07-16
Beulah Penman,84314331,2020-11-09
Karim Coulson,15455080,2020-09-17
Berkie Neesham,51496824,2020-10-12
Bearnard Huckle,55576901,2020-05-31
Halley Ties,73039389,2020-08-31
Tyrone O'Crotty,96182403,2020-06-25
Earle Bungey,69998757,2020-04-12
Shela Goodbairn,28772510,2020-03-29
Calv Mitchenson,93274409,2020-06-22
Andriette Borrie,38402789,2020-09-01
Fayre Klaggeman,76609195,2020-05-27
Joey Standbrook,93949218,2020-05-05
Lind Packington,20193050,2020-07-09
Shermy Feechan,26494389,2020-06-04
Pascale Rickaert,16384429,2020-06-18
Manny Cannell,97939536,2020-10-13
Pamelina Sindell,20359294,2020-08-08
Dehlia Banisch,13421228,2020-08-13
Allin Riha,17039337,2020-06-27
Cari Dowbekin,79776137,2020-05-12
Shaw Ault,8732881,2020-06-18
Gar Dearsley,36412710,2020-09-19
Pietra Lewknor,94946814,2020-05-31
Antonin Stillmann,33862530,2020-09-16
Claudell Murie,629877,2020-06-26
Alisha Najera,25229172,2020-09-02
Rafael Huffer,96605605,2020-05-13
Ruthe De Witt,78925705,2020-06-19
Lira Narey,25902886,2020-09-09
Jonell Danahar,98269329,2020-05-14
Shaw O' Hogan,78007156,2020-10-30
Law Dumberell,87368360,2020-10-31
Meagan Darcy,44633492,2020-07-06
Darline Rowbottom,14474015,2020-04-13
Christel Shillam,94629744,2020-09-12
Chastity Dayly,10583494,2020-07-05
Veronika Archibould,84879156,2020-08-07
Roberto MacGray,64469565,2020-05-31
Maryann Musk,95566048,2020-09-15
Eziechiele Norres,56412970,2020-03-15
Sue Bartul,49214508,2020-08-01
Brynn Westhead,82766992,2020-10-09
Ulberto Hackwell,83344866,2020-04-27
Gussy McAndrew,57788336,2020-08-10
Bradford Breach,50368701,2020-07-29
Odelle Postans,12553262,2020-05-22
Raf Bickerstaffe,47177240,2020-11-05
Rawley Heritege,24821628,2020-05-07
Marven Matys,80731161,2020-04-05
Jacynth Bayliss,70938623,2020-05-29
Jada Tippell,14630094,2020-03-29
Alphard Matterface,63620664,2020-07-14
Carola Hellier,16663996,2020-08-04
Valerye Audibert,2183744,2020-10-22
Ignaz Caroli,59197575,2020-07-29
Ranice Spelsbury,39225911,2020-04-04
Marja Chidler,5813736,2020-04-28
Durant Marke,89549340,2020-06-20
Carin Pearl,68147848,2020-09-30
Niki Fencott,15631956,2020-04-01
Shaylah Wroth,22253028,2020-05-31
Shalna Minchin,77180920,2020-10-15
Ed McGorman,62174278,2020-09-29
Aggi Exley,81753909,2020-11-04
Retha Mitchiner,59239051,2020-08-03
Kelcie Walbridge,33831268,2020-07-11
Herb Stubbeley,9850843,2020-10-19
Norbie Joskowicz,29741098,2020-06-04
Hunt Willder,72168305,2020-10-08
Elianora Pole,6189162,2020-04-20
Gunar Mouser,2100697,2020-06-04
Dietrich Clemintoni,74187447,2020-05-21
Sollie Copner,39969429,2020-09-09
Tildi Goggan,81613806,2020-08-17
Valerye Edleston,67146374,2020-10-14
Nanny Dorran,15101825,2020-08-09
Royall Bodycombe,83585071,2020-08-07
Tedman Heatley,28513233,2020-09-18
Clair Miklem,59367058,2020-03-12
Stacy Menelaws,70701095,2020-03-31
Bridie Dannel,38295303,2020-09-18
Kala McFater,69877941,2020-07-08
Demetra Yakebovitch,98426956,2020-09-17
Phillida Pietruschka,56322649,2020-10-15
Hershel Ferrarese,77978544,2020-04-24
Adey Rattery,44674768,2020-09-26
Hedda Lembcke,74953691,2020-11-15
Domenic Palek,4144584,2020-11-16
Gene Baudinelli,75661645,2020-05-08
Felice Greening,49959509,2020-06-07
Tania Gudgion,44031061,2020-04-11
Wyn McArtan,59276694,2020-06-12
Ludwig Linthead,4171766,2020-06-10
Kile Tschirasche,62438276,2020-06-07
Harvey Gossage,6704363,2020-10-04
Henriette Emanson,73661539,2020-07-10
Janean Haslam,20748931,2020-04-12
Borg King,77337882,2020-08-04
Devlin Stoak,23552231,2020-06-05
Cazzie Batt,37998341,2020-10-07
Jemimah Troy,82664345,2020-08-03
Gerta Lownie,72997251,2020-03-20
Yasmin Edelheid,1180553,2020-08-07
Laina Decent,77030598,2020-11-13
Olympie Cavee,58194908,2020-08-23
Krystyna Bogges,13717018,2020-04-23
Ailee Durgan,81207477,2020-04-12
Hedwig Boone,72069782,2020-07-13
Aleen Piddlehinton,80326704,2020-09-03
Dorene Vanshin,29598228,2020-04-09
Shurwood Wingeat,58368771,2020-03-25
Ive Wix,91382331,2020-06-18
Ailey Sute,57653742,2020-03-21
Phillie Crysell,23494868,2020-11-09
Reinhold Chesson,98560618,2020-09-02
Annemarie Edser,67305923,2020-07-05
Winnah Claworth,74667774,2020-09-27
Jacky Fryatt,11657848,2020-08-21
Lona Bohan,68263370,2020-08-10
Clint Baike,44351279,2020-09-06
Cello Alessandone,42075990,2020-09-15
Odele Cranefield,33104052,2020-05-19
Moshe Bollen,12389800,2020-11-13
Shela Glennie,21238592,2020-08-22
Robinett Trimmill,34132618,2020-09-11
Griffin Kingswell,70822978,2020-05-22
Leoline Colson,20797606,2020-06-25
Moshe Pedycan,66466285,2020-05-15
Huberto Brech,16302304,2020-03-23
Josefina Grain,40977752,2020-03-22
Abigael Tadlow,94278895,2020-05-03
Armin Quartly,2511191,2020-10-21
Zebadiah Wadelin,38581854,2020-05-02
Kiel Iianon,43353597,2020-08-27
Seumas Fandrey,26800679,2020-08-16
Sadie Egalton,40261427,2020-11-04
Bordy Eaglesham,48543680,2020-10-24
Bennett Bergen,62346398,2020-05-27
Flin Fasson,93602599,2020-05-20
Ely Egger,38590692,2020-09-17
Jedidiah Manuele,43265249,2020-11-14
Prue Imlaw,48047895,2020-04-02
Oswald Danshin,83725517,2020-06-07
Berty Norwich,13385081,2020-06-01
Carolyne Reame,21208794,2020-07-28
Ericka Fourcade,58411052,2020-11-03
Mose Denton,23534332,2020-09-10
Rustie Rhodef,22763888,2020-07-29
Trixie Wackly,82890531,2020-06-07
Laird Weddeburn - Scrimgeour,57363597,2020-04-23
Lyda Hamley,8527173,2020-09-30
Idalina De Witt,2381532,2020-04-16
Pippo Pautard,34728376,2020-10-08
Vivie Topling,19347763,2020-05-22
Cornelius Girodier,65052294,2020-05-31
Wilbert Doey,79552553,2020-10-19
Rourke Franchyonok,77633471,2020-03-25
Guinevere Forson,15246251,2020-05-30
Beverlie Palomba,40462390,2020-09-02
Libbey Kerrane,44433902,2020-08-01
Shanta Spini,57635285,2020-06-19
Antonietta D'Ugo,5561299,2020-08-13
Ernaline Westrey,15109841,2020-07-05
Alane Alyonov,37787430,2020-04-18
Karin Dearan,726742,2020-11-02
Merline Silverston,83669856,2020-05-03
Fredek Aysik,20547365,2020-03-13
Wandis Meatcher,77254053,2020-10-01
Corenda Cotesford,23707514,2020-04-04
Randal Josey,90052187,2020-10-04
Joella MacFayden,40089739,2020-05-05
Gaby FitzGibbon,92675394,2020-10-13
Gib Cesaric,42819610,2020-03-15
Lizzy Strewthers,99828440,2020-07-26
Neille Dominicacci,74127568,2020-07-05
Ulrich Huckabe,14600965,2020-07-06
Garrard Spear,58772705,2020-03-30
Gradey Moxted,72191970,2020-07-22
Teodoro Von Der Empten,11737210,2020-08-17
Janek Showen,64075369,2020-08-30
Mikkel Demogeot,59295208,2020-05-27
Maggie Purdey,8201934,2020-07-17
Mack Lindsay,64489639,2020-04-26
Fredericka Tollfree,71708418,2020-10-13
Leanna Zealey,46558261,2020-04-17
Phil Harmer,91102133,2020-03-26
Marja Sibun,24425152,2020-05-24
Margarete Hackworth,20072027,2020-05-30
Kris Brute,33376795,2020-05-30
Karlens McCorley,16181951,2020-03-13
Rana Rawne,39346465,2020-05-10
Courtney Rosenfarb,77892468,2020-07-18
Rolando O'Driscoll,88269654,2020-04-12
Prudi Seaking,10151780,2020-04-25
Daryn Cossington,24229992,2020-07-08
Hortense Fedorchenko,31189303,2020-06-13
Ardis Cyples,88050059,2020-09-29
Ortensia Burfitt,37261095,2020-08-28
Oralie Parradine,47568560,2020-04-03
Anderea Jovis,21092373,2020-09-18
Kenna Gadie,43320059,2020-08-08
Jennie Coudray,90125226,2020-06-20
Puff Mollin,19700145,2020-11-04
Erv Eliez,18978699,2020-06-10
Giffie Gullam,69525273,2020-06-11
Ichabod Huonic,93399084,2020-03-26
Gale Orht,78641593,2020-09-15
Sonnnie Castaner,37321333,2020-10-07
Ambros Roz,90047099,2020-07-13
Roth Josling,65281609,2020-05-23
Filmer Clinnick,44391299,2020-07-05
Josy Stilldale,82666373,2020-03-19
Eziechiele McCambrois,14690000,2020-04-02
Pedro Chastagnier,46321363,2020-06-30
Sayres Littledike,97426249,2020-07-13
Dinny Peascod,61929401,2020-03-28
Tara Phippin,35845312,2020-07-29
Ray Fruish,91622227,2020-04-30
Hyacinthia Colquete,40255501,2020-10-10
Bidget Handrok,55655571,2020-06-04
Bee Finch,94980166,2020-09-06
Ursa Kleinplac,79498999,2020-06-19
Grete Sant,22367581,2020-07-18
Terri Lomaz,32192629,2020-08-31
Alejandra Seviour,68225309,2020-11-14
Kennith Chelam,76041231,2020-05-11
Isidora Gobel,50527107,2020-07-23
Lovell Epinoy,4864267,2020-03-14
Jeffy Skeldinge,80064701,2020-08-27
Sidnee Kingdom,30147952,2020-09-03
Bianca Yendall,7237113,2020-06-28
Trent Leverett,51929582,2020-06-13
Lewes Cowie,99069796,2020-05-11
Drusi Oganesian,36752178,2020-06-17
Darsie Golland,97354669,2020-06-13
Welsh Normansell,63092235,2020-08-10
Tonnie O'Fihily,65267091,2020-10-13
Sherri Mosedale,96429703,2020-04-16
Harriot McRitchie,55013646,2020-07-21
Darcee Schimke,14622317,2020-10-09
Margarethe Scotts,48889618,2020-09-08
Linea Bernardinelli,7872982,2020-06-21
Viola Python,11448836,2020-07-05
Robinia Sangster,97580043,2020-09-30
Horace Cavil,90975327,2020-09-15
Sigvard Kneeshaw,57064296,2020-06-03
Godfry O'Hara,31221979,2020-05-02
Emogene Milroy,29841298,2020-05-19
Fidelity Rayne,32625742,2020-10-03
Loise Triebner,88966397,2020-03-31
Man Foskett,72503157,2020-11-13
Bobbi Such,91425994,2020-04-20
Jed McCrainor,86933700,2020-04-13
Sterling Buzzing,55185659,2020-10-24
Malvina Wilkison,56094647,2020-04-10
Artie Hall-Gough,3632850,2020-04-19
Cristi Fidock,7776842,2020-08-08
Mahala Tissier,21271854,2020-05-06
Patin Japp,36070152,2020-06-14
Ashby Jumonet,73289287,2020-09-16
Raddy L' Anglois,2230994,2020-05-10
Bernadene Baggally,75553222,2020-06-18
Thorsten Wiszniewski,1734369,2020-10-19
Gussi Worvill,52950673,2020-08-22
Malissa Tapin,7169755,2020-04-21
Andeee Hewins,54950858,2020-05-22
Alena McCaughan,37394726,2020-10-05
Sheila Blenkharn,64909374,2020-10-16
Alissa Saul,99245454,2020-08-22
Ray McCrum,28511144,2020-06-11
Cameron Deam,60612940,2020-03-20
Breanne Lawtie,817341,2020-04-10
Anton Greger,50381709,2020-10-31
Ermanno Hows,79301671,2020-09-28
Tamarra Tidbold,43286804,2020-05-29
Caressa Burtonwood,69780447,2020-08-02
Gustav Lovelady,37782901,2020-10-16
Ambrose Constant,16071167,2020-09-08
Regan Wilbud,55057985,2020-11-04
Claudell Tapson,8976813,2020-10-30
Hortense Shallcross,80815568,2020-10-27
Jorgan Peert,27597964,2020-05-20
Pammi Joules,40207827,2020-09-22
Sigrid Wabe,12137002,2020-08-14
Jilli Margery,61031396,2020-10-04
Jess Ionn,30022961,2020-09-03
Edmund Dovington,7755033,2020-08-07
Queenie Baswall,61502418,2020-08-05
Carter Gratton,59174792,2020-05-11
Godard Longmire,45260433,2020-05-02
Raimundo Dockwray,82770251,2020-10-24
Regina Haste,39910991,2020-06-27
Gardy Thay,93714860,2020-06-15
Hamlen Harbord,62974971,2020-09-06
Zachariah Kisbee,82726158,2020-09-21
Arlana Gauvin,49037612,2020-09-09
Mickie Swallwell,37599483,2020-09-29
Wallace Barkes,28917089,2020-05-25
Bobbie Muckersie,96641206,2020-05-06
Kristi Boater,76422857,2020-08-01
Karolina Aron,80154023,2020-05-20
Ingamar Needham,65371075,2020-04-14
Ertha Alcido,82147909,2020-03-21
Edithe Peasegod,23692833,2020-07-23
Edi Norgate,28394455,2020-11-04
Augusta Briskey,69572566,2020-04-15
David Berriman,84720024,2020-09-29
Chrotoem Hazelton,67267918,2020-11-01
Kaitlyn Robardet,91071127,2020-09-07
Thorsten Epperson,72901197,2020-06-17
Norah Fydoe,82091903,2020-07-29
Myrvyn Streatley,57134506,2020-10-12
Kerrill Nertney,40926800,2020-09-19
Nert Gobbett,7158905,2020-06-08
Adamo Renn,6191439,2020-09-17
Katrina Mattsson,57338487,2020-08-18
Darren Coop,89033130,2020-10-18
Clare Dillingston,22959679,2020-03-14
Archambault Emnoney,82289949,2020-06-04
Tamiko Messiter,4263975,2020-09-03
Calida Cashman,23948065,2020-10-22
Charlie Giles,80616354,2020-08-29
Ginger Jacobovitz,42213512,2020-10-21
Rosaleen Airs,22492202,2020-06-18
Avivah Kennett,71873126,2020-07-21
Artemas Medforth,22317838,2020-08-23
Ruddie Gilsthorpe,5830895,2020-11-07
Eamon Di Franceschi,90500739,2020-08-06
Laurella Dreye,26450632,2020-07-21
Calida Goligher,76229101,2020-11-03
Vivie Jannings,24404761,2020-09-08
Annabella Kenelin,85457076,2020-03-21
Farrah Delacourt,23547261,2020-05-13
Wang Purcell,39184943,2020-09-08
Tamarah Mattiazzi,24673724,2020-05-03
Marta Josephsen,43853234,2020-04-05
Franciska Poulton,57684230,2020-06-07
Maura Gaunter,69362871,2020-08-01
Dillie Heyward,16617516,2020-09-04
Robers Scrowby,90342055,2020-08-24
Naomi Stubbes,16978415,2020-08-12
Ingram Nenci,7792612,2020-05-02
Shanie Abells,13905360,2020-04-04
Candra Bishop,82400980,2020-11-07
Brooke Loftin,62639899,2020-05-22
Ebenezer Littleton,80747043,2020-04-08
Roley Krzyzaniak,21610686,2020-10-17
Forest Slayford,45826675,2020-05-09
Valentin Abbes,59294737,2020-06-03
Maire Drakeley,93378854,2020-04-30
Giuditta Mackett,75710322,2020-06-11
Karine Yakobovitz,85228194,2020-04-14
Pat Poultney,16477354,2020-08-29
Wayne Strauss,25957717,2020-05-19
Tate Crevy,68785063,2020-08-09
Berny Gumm,73179284,2020-11-15
Nicolas Piggens,25035522,2020-04-09
Ruben Jemison,15171251,2020-04-07
Quinn Redwin,69302570,2020-10-27
Parnell Giovannini,56474409,2020-04-13
Darcee Fleis,3629107,2020-09-09
Goldarina Ashdown,18518757,2020-05-28
Crissie Alelsandrovich,32862596,2020-10-17
Freda Beaushaw,338763,2020-08-27
Ugo Huckstepp,55427027,2020-03-15
Ailis Heustice,94843595,2020-07-24
Marchall Vaughten,6821976,2020-08-29
Deny Nilles,17038577,2020-04-11
Denny Messent,5117019,2020-05-14
Ced Brugsma,37360858,2020-10-18
Brenna Bellini,52052061,2020-06-05
Reid Gasking,81523487,2020-04-17
Zandra Wemm,63776777,2020-11-12
Vick Chiese,77864008,2020-08-27
Maribelle McCroft,279770,2020-09-28
Ashlan Davidovits,95920390,2020-06-14
Terrance Birrel,66920832,2020-03-19
Rozanne Rault,84141037,2020-07-07
Arel Ishaki,23205161,2020-07-12
Cyrillus Kearle,99101714,2020-06-07
Bald Chiles,55096055,2020-03-24
Isiahi Brannon,82550520,2020-08-24
Floria Hainey`,55405752,2020-08-09
Cleon Ketteringham,64583252,2020-10-30
Dan Duffill,27704828,2020-09-09
Amandy Emons,20103148,2020-04-24
Melisa Carding,45262619,2020-04-15
Gertruda Oaten,80885696,2020-03-23
Wandie Hales,36850972,2020-11-05
Etta Bateup,58436630,2020-08-23
Remus Blanckley,83543956,2020-06-01
Enid Clitheroe,88343203,2020-03-13
Gracia Easey,50082169,2020-05-18
Germaine Jaycock,47299292,2020-04-04
Cilka Closs,28424881,2020-08-04
Freddy Yantsev,58664709,2020-10-25
Nero Lorden,49391624,2020-07-06
Cherin Adamo,19599739,2020-04-29
Ginger Woodyer,83349749,2020-06-21
Helsa Staples,53432484,2020-10-07
Dody Ferronier,28714630,2020-04-08
Nicola Wise,99749873,2020-03-29
Clarance Bremen,23147966,2020-06-03
Jeffie Bompas,3714827,2020-05-22
Aldo Chiplen,6659154,2020-05-31
Didi Ciccotto,5596905,2020-04-27
Julietta Glossop,66087062,2020-10-29
Turner Abramamovh,95275494,2020-08-07
Michelina Clute,11986181,2020-05-22
Isidor Labb,75928116,2020-04-10
Ardra Wensley,26274791,2020-09-24
Bourke Etherton,78861616,2020-08-18
Milton Byrne,58585310,2020-03-22
Malissia O'Gormley,33556733,2020-10-26
Dulci Beaufoy,11208453,2020-04-27
Johnna Aveson,49537847,2020-09-09
Anet Ivetts,24442902,2020-08-17
Pepita Sands,3681670,2020-05-01
Evangelina Latimer,89477805,2020-04-06
Ly Shyram,90923069,2020-04-15
Erma Wenger,62180396,2020-11-05
Tonie Bufton,25777006,2020-08-31
Aland Hillin,71144100,2020-05-30
Bernita Ivasechko,12949940,2020-09-07
Noach Wyss,39755204,2020-05-04
Kim Larrosa,880420,2020-08-17
Halsy Balaisot,92005978,2020-09-07
Cal Suttaby,46052863,2020-10-29
Nickie Earwaker,31927035,2020-07-19
Nettle Heggs,59615987,2020-08-29
Leilah Casillis,3527817,2020-04-24
Adamo Christophersen,21271699,2020-03-13
Moises Rubrow,11897940,2020-11-11
Isadora Daniaud,26846312,2020-10-31
Reinhold Skehan,79660284,2020-04-13
Netti Poschel,87041289,2020-03-24
Hillery Fellos,17902969,2020-09-17
Jerry Yoskowitz,45239653,2020-03-13
Kean Armall,27132742,2020-10-24
Tedda Druhan,4872418,2020-11-08
Clerissa Toffetto,66706616,2020-06-25
Steve Housden,74715799,2020-06-17
Angie Vize,14521511,2020-05-10
Dalis Filipovic,45282179,2020-03-30
Devina Maine,10314865,2020-07-22
Krissie Romagosa,87014606,2020-10-04
Nealy Wren,34091899,2020-07-07
Ludvig Thebeaud,72789514,2020-09-05
Jobey Arnauduc,31021129,2020-07-06
Daffi Luter,16566294,2020-05-10
Lewiss Hegge,86509070,2020-03-14
Nikoletta Maha,61141928,2020-03-22
Christos Chester,20899348,2020-08-15
Sherman Lowre,75200137,2020-08-11
Moise M'Barron,81513174,2020-07-21
Dwain Newham,68118184,2020-07-12
Augie Jevon,92742096,2020-05-24
Kari Cuttler,22671596,2020-05-27
Dill Toderbrugge,45717165,2020-08-27
Clive Dilger,99673817,2020-05-20
Mollie Spearing,60834136,2020-07-29
Maggy Surmon,21465227,2020-04-30
Jacinthe McGloin,67813216,2020-10-28
Wyatt Middlemass,18780543,2020-07-27
Dorrie Robart,27279274,2020-04-10
Theresa Carnell,97568318,2020-07-25
Vivianna Reiach,90528510,2020-05-23
Kin Lively,48146982,2020-08-19
Gale Helbeck,28246382,2020-07-17
Eudora Kedward,70537812,2020-04-03
Farlay Kimpton,33628356,2020-10-02
Adamo Butts,37176309,2020-04-24
Winn Covelle,6507779,2020-05-06
Elbertina Dewdeny,71786776,2020-04-12
Corella Keppin,23247396,2020-07-18
Junina McGeachy,68385305,2020-08-09
Lorrie Lightewood,14055824,2020-10-11
Ricki Seeds,89938655,2020-05-22
Rozalin Alvis,25680173,2020-10-12
Roi Collumbell,41344774,2020-05-23
Kendra Keightley,11634447,2020-10-11
Jordanna Pochon,34373715,2020-04-02
Zabrina Burdass,39840543,2020-10-13
Vivi Birchwood,59247220,2020-06-07
Alard Voff,70548727,2020-05-05
Fanchette Culleton,68661587,2020-04-09
Olivie Doyle,23369334,2020-08-14
Elsa Beurich,48741170,2020-03-21
Garald Goulbourne,16833480,2020-07-09
Drugi Liversage,6214507,2020-08-07
Nana Herrieven,9829589,2020-10-30
Torin Lenox,99984809,2020-07-30
Otes Trask,16490878,2020-05-05
Ellie Mizzi,8775833,2020-04-13
Jessey Winspear,50156568,2020-05-31
Maggee Father,63814076,2020-07-14
Mireille Wrightham,97122762,2020-05-20
Alfonso Forson,56635289,2020-06-06
Raquel Brownsmith,47367483,2020-08-13
Shelton Lorraway,51958668,2020-08-04
Mirabelle Matusovsky,93507955,2020-08-02
Rebecca Witnall,25119817,2020-04-15
Witty Luggar,18149868,2020-04-15
Ginnie Maypole,52553745,2020-10-21
Maria Capeling,17286674,2020-04-10
Nickie Goodliffe,23111460,2020-04-30
Consuela Killelay,45173125,2020-10-01
Lissie Simester,3016596,2020-03-14
Erica Ricioppo,87437150,2020-10-07
Augustina Vango,76343462,2020-11-02
Elysia MacMenamy,79844239,2020-06-05
Rockwell Poulden,31875507,2020-06-05
Tiffani Freake,67494103,2020-06-17
Edgardo Rapin,94924943,2020-05-31
Dean Westby,26141577,2020-06-27
Dacia Douch,62307780,2020-09-20
Boony Leveritt,21841118,2020-05-12
Carly Webb-Bowen,18207528,2020-05-10
Candra Heard,11010127,2020-11-05
Lew Di Franceschi,17168034,2020-04-16
Melita Alpin,6094887,2020-04-29
Dan Durnian,90153770,2020-09-09
Nealson Fronzek,85086264,2020-04-17
Brooks Jellico,74241770,2020-06-02
Verena Savaage,4751671,2020-11-11
Stirling Jelf,67907516,2020-10-11
Sharla Chatfield,85342784,2020-04-30
Lonee Burkinshaw,4775024,2020-11-13
Amelie Leather,64604690,2020-06-17
Myrta Mee,25198385,2020-04-27
Sonnnie Mair,98483575,2020-04-11
Kienan Revely,24397840,2020-09-27
Julio Haire,43912781,2020-03-25
Gillian Cuberley,10060357,2020-09-14
Tanney Sulter,53143233,2020-10-11
Misty Braznell,44492968,2020-10-22
Jada Worden,95232658,2020-09-23
Ivonne Milner,7505827,2020-07-17
Florenza Baumert,34245698,2020-06-17
Linette Senter,78461815,2020-10-12
Saul Lartice,67218988,2020-05-13
Philbert Grundon,8799582,2020-08-21
Ethelda Kornas,84169283,2020-10-27
Vic Ingram,65260603,2020-10-06
Aile Croucher,4747706,2020-07-30
Gael Sive,48278864,2020-05-31
Carlin Kondratenya,49035040,2020-03-27
Dale Matsell,8792701,2020-11-14
Harlen Halfhyde,4447624,2020-04-04
Anny Boyce,23456641,2020-10-27
Bryna Larby,69276410,2020-08-24
Milty Wellen,68961843,2020-09-18
Loree Jacobovitch,89804747,2020-04-15
Thain Easterfield,90050405,2020-04-25
Benedicta La Batie,35120215,2020-07-04
Anthia Glandfield,61717228,2020-08-24
Meridel Sixsmith,31101865,2020-07-17
Donni Le Batteur,28787009,2020-05-06
Adrianne Biddles,36696687,2020-06-28
Cammy Trowbridge,28179051,2020-10-19
Barris Marflitt,16867732,2020-08-04
Ogden Martinolli,45914743,2020-04-09
Vania Harwell,43685509,2020-05-12
Hymie Christopherson,29395012,2020-09-16
Jaime O'Hagerty,57207272,2020-11-14
Blanche Stickels,48964565,2020-11-13
Ruby Greenwood,25965515,2020-07-25
Lila Kilpatrick,92344967,2020-11-12
Agnesse Swenson,78284777,2020-04-12
Myrilla Malicki,13291243,2020-03-17
Dulcea Beeck,41175636,2020-08-02
Vincenty Malyan,46600802,2020-10-24
Staffard Cormode,34219774,2020-07-13
Tomlin Methringham,5610372,2020-06-08
Rossy Braznell,6967421,2020-05-04
Wilton Emanueli,91400425,2020-06-07
Elvira Mulvihill,93902370,2020-06-30
Lucho Di Bernardo,17983681,2020-08-18
Phyllys Teesdale,79527960,2020-08-20
Rozanna Prout,62719781,2020-04-06
Sloan Fedorchenko,7798629,2020-07-22
Jammie Romaine,58547616,2020-06-07
Constancy Bassano,7689076,2020-05-29
Bibbye Wakerley,86278724,2020-07-01
Dolorita Ruste,98794126,2020-04-22
Drucy Henkens,58568896,2020-08-02
Florinda Caulket,96763290,2020-09-11
Alvan Walduck,21553210,2020-10-12
Natalee Hopewell,30334017,2020-07-21
Konstanze Furmedge,41216100,2020-09-08
Rowan Panter,29489956,2020-09-08
Jorey Bremen,48227777,2020-03-17
Shannen Fosberry,89990587,2020-06-18
Taylor Widdows,10354766,2020-04-26
Adan Ellings,86095305,2020-08-04
Rayshell Muffin,47479143,2020-07-22
Catherine Langforth,68729868,2020-05-05
Haleigh Royden,83704515,2020-10-15
Beau Reis,87135421,2020-10-07
Christi Bartolommeo,90778547,2020-04-24
Mercie Benedite,18713662,2020-08-22
Nani Morgans,3671698,2020-07-23
Marna McKirton,83190058,2020-08-30
Jamesy Crunkhorn,23704085,2020-05-13
Glynnis Gilleon,62554754,2020-09-18
Dorris Ullyatt,40808129,2020-07-06
Darelle Ong,56620888,2020-10-29
Lira Benfell,89538377,2020-05-12
Dorette Buckland,96844322,2020-04-25
Eberto Gerlts,62825723,2020-10-25
Celesta Duffitt,4604487,2020-03-27
Lorene Mathivon,86067215,2020-05-03
Khalil Al Hirsi,22957466,2020-05-28
Hillyer Dunning,23437146,2020-06-08
Agace Antonijevic,60103543,2020-09-18
Papagena Lambrecht,87516995,2020-05-03
Vanna Eliff,81478699,2020-06-29
Elicia Lawford,97412463,2020-03-30
Kathrine Alderwick,78845632,2020-03-24
Sallyann Youell,3390536,2020-03-28
Flossi Barker,50146010,2020-07-24
Piper Arnfield,57353894,2020-06-09
Guthry Scartifield,39645887,2020-06-02
Vinita Aymer,22986709,2020-06-16
Niel Moxley,10313831,2020-08-14
Conrade Tresise,78913308,2020-09-16
Sonja Tomaszkiewicz,76816147,2020-05-01
Cash Warlaw,94442256,2020-10-14
Bart Durnell,22925283,2020-07-29
Darleen Bowmaker,66781349,2020-06-09
Llewellyn Ellings,27149015,2020-05-17
Shalna McArd,80516282,2020-11-03
Ludwig Copnell,59017436,2020-11-07
Trevar Rissom,61494287,2020-03-25
Chlo Conklin,72813313,2020-05-24
Cody Pine,44434609,2020-11-15
Domini Greenlees,74904986,2020-04-11
Shirley Renshell,39089170,2020-05-28
Iolande Antunes,29074125,2020-05-22
Hilde Macrae,35589012,2020-03-28
Tull Beves,30255966,2020-05-13
Heida Thornber,92971612,2020-04-02
Waylin Lemmens,99985993,2020-07-20
Meghann Benallack,5032973,2020-08-22
Stacy Ghest,37161545,2020-11-03
Evvie Piche,29741362,2020-07-18
Gladi Carman,69612359,2020-08-15
Demetris Dyble,28999197,2020-06-12
Harwilll Luparto,95718621,2020-08-23
Den Tort,78552476,2020-09-24
Anni Warby,17357824,2020-05-24
Bryon Carletti,29803604,2020-07-12
Dylan Soar,28004657,2020-10-05
Fran Tremonte,78140727,2020-05-25
Huberto Mitchard,85130114,2020-03-24
Genovera Dell,81670124,2020-09-16
Alanah McFee,21809587,2020-06-01
Raphael Wellesley,86291655,2020-09-06
Peg Bilborough,59572800,2020-07-04
Florentia Sandeland,72383576,2020-08-24
Meade Tonkinson,36958904,2020-11-09
Dorotea Rosekilly,5064922,2020-09-13
Shandie Chidley,39243437,2020-03-30
Tabby Jennaway,36580952,2020-09-15
Janela Daunter,9511337,2020-07-23
Laryssa Pickin,52536020,2020-10-14
Debra Fitzharris,75399568,2020-05-23
Evangeline Castelain,65643860,2020-06-02
Jedd Arias,95755014,2020-10-06
Clareta Curling,88069869,2020-05-31
Fitzgerald Tommasuzzi,71395694,2020-09-01
Florence Este,81767699,2020-09-22
Shaine Corck,51032395,2020-09-17
Wilmette Clackers,29490318,2020-11-03
Hatty Belitz,13848949,2020-04-06
Bathsheba Grinishin,35870466,2020-11-06
Barnabe Doe,78965418,2020-11-03
Shanta Raisher,73681993,2020-04-05
Bert Bewick,86046688,2020-10-27
Gussi Bruford,69139536,2020-05-07
Dolley Trimby,82798723,2020-06-05
Casie Thiolier,3184437,2020-05-14
Karlotte Lothlorien,63660132,2020-10-23
Larry Main,2863667,2020-03-13
Shela Lindholm,17313482,2020-06-29
Araldo Jocic,52896852,2020-04-03
Gisela Bayliss,11313230,2020-03-23
Min Fice,91176718,2020-08-12
Karna Lunbech,54567773,2020-08-16
Jaime Trounson,89569127,2020-09-29
Gussi Murray,88522388,2020-08-05
Belva Friberg,28316465,2020-08-04
Storm Vickers,58711618,2020-10-31
Lovell Kirk,8834748,2020-09-06
Jade Elland,38777051,2020-08-20
Stacie Alfonso,84905351,2020-09-28
Ariana Romer,83878788,2020-04-22
Eloise Rispin,35866300,2020-09-08
Yulma Chalfain,23715984,2020-10-05
Shaun Ibbitson,70023476,2020-05-06
Lezley Langlais,72607408,2020-05-06
Sarena Oldford,50491354,2020-06-20
Vonni Mollitt,44898448,2020-05-16
Dian Mees,63022259,2020-08-28
Brendon Wylam,44186055,2020-04-27
Coreen Lazonby,64388933,2020-06-22
Sheelah Antonnikov,93555593,2020-09-14
